[{"fields": {"model": "logentry", "name": "log entry", "app_label": "admin"}, "model": "contenttypes.contenttype", "pk": 1}, {"fields": {"model": "permission", "name": "permission", "app_label": "auth"}, "model": "contenttypes.contenttype", "pk": 2}, {"fields": {"model": "group", "name": "group", "app_label": "auth"}, "model": "contenttypes.contenttype", "pk": 3}, {"fields": {"model": "contenttype", "name": "content type", "app_label": "contenttypes"}, "model": "contenttypes.contenttype", "pk": 4}, {"fields": {"model": "session", "name": "session", "app_label": "sessions"}, "model": "contenttypes.contenttype", "pk": 5}, {"fields": {"model": "employee", "name": "employee", "app_label": "main"}, "model": "contenttypes.contenttype", "pk": 6}, {"fields": {"model": "company", "name": "company", "app_label": "main"}, "model": "contenttypes.contenttype", "pk": 7}, {"fields": {"model": "location", "name": "location", "app_label": "main"}, "model": "contenttypes.contenttype", "pk": 8}, {"fields": {"model": "employment", "name": "employment", "app_label": "main"}, "model": "contenttypes.contenttype", "pk": 9}, {"fields": {"model": "activity", "name": "activity", "app_label": "main"}, "model": "contenttypes.contenttype", "pk": 10}, {"fields": {"model": "rosterentry", "name": "roster_entry", "app_label": "main"}, "model": "contenttypes.contenttype", "pk": 11}, {"fields": {"model": "user", "name": "user", "app_label": "custom_auth"}, "model": "contenttypes.contenttype", "pk": 12}, {"fields": {"model": "token", "name": "token", "app_label": "authtoken"}, "model": "contenttypes.contenttype", "pk": 13}, {"fields": {"model": "corsmodel", "name": "cors model", "app_label": "corsheaders"}, "model": "contenttypes.contenttype", "pk": 14}, {"fields": {"name": "Rosterra"}, "model": "main.company", "pk": 1}, {"fields": {"name": "Weyland-Yutani"}, "model": "main.company", "pk": 2}, {"fields": {"name": "LexCorp"}, "model": "main.company", "pk": 3}, {"fields": {"name": "FrobozzCo"}, "model": "main.company", "pk": 4}, {"fields": {"company": 1, "name": "Cork"}, "model": "main.location", "pk": 1}, {"fields": {"company": 1, "name": "Limerick"}, "model": "main.location", "pk": 2}, {"fields": {"company": 1, "name": "Honolulu"}, "model": "main.location", "pk": 3}, {"fields": {"company": 1, "name": "Minsk"}, "model": "main.location", "pk": 4}, {"fields": {"company": 2, "name": "Alderaan"}, "model": "main.location", "pk": 5}, {"fields": {"company": 2, "name": "Bespin"}, "model": "main.location", "pk": 6}, {"fields": {"company": 2, "name": "Coruscant"}, "model": "main.location", "pk": 7}, {"fields": {"company": 2, "name": "Dagobah"}, "model": "main.location", "pk": 8}, {"fields": {"company": 2, "name": "Hoth"}, "model": "main.location", "pk": 9}, {"fields": {"company": 2, "name": "Kashyyyk"}, "model": "main.location", "pk": 10}, {"fields": {"company": 4, "name": "Anthar"}, "model": "main.location", "pk": 11}, {"fields": {"company": 4, "name": "Borphee"}, "model": "main.location", "pk": 12}, {"fields": {"company": 4, "name": "Mareilon"}, "model": "main.location", "pk": 13}, {"fields": {"company": 4, "name": "Mizniaport"}, "model": "main.location", "pk": 14}, {"fields": {"company": 4, "name": "Port Foozle"}, "model": "main.location", "pk": 15}, {"fields": {"codename": "add_logentry", "name": "Can add log entry", "content_type": 1}, "model": "auth.permission", "pk": 1}, {"fields": {"codename": "change_logentry", "name": "Can change log entry", "content_type": 1}, "model": "auth.permission", "pk": 2}, {"fields": {"codename": "delete_logentry", "name": "Can delete log entry", "content_type": 1}, "model": "auth.permission", "pk": 3}, {"fields": {"codename": "add_permission", "name": "Can add permission", "content_type": 2}, "model": "auth.permission", "pk": 4}, {"fields": {"codename": "change_permission", "name": "Can change permission", "content_type": 2}, "model": "auth.permission", "pk": 5}, {"fields": {"codename": "delete_permission", "name": "Can delete permission", "content_type": 2}, "model": "auth.permission", "pk": 6}, {"fields": {"codename": "add_group", "name": "Can add group", "content_type": 3}, "model": "auth.permission", "pk": 7}, {"fields": {"codename": "change_group", "name": "Can change group", "content_type": 3}, "model": "auth.permission", "pk": 8}, {"fields": {"codename": "delete_group", "name": "Can delete group", "content_type": 3}, "model": "auth.permission", "pk": 9}, {"fields": {"codename": "add_contenttype", "name": "Can add content type", "content_type": 4}, "model": "auth.permission", "pk": 10}, {"fields": {"codename": "change_contenttype", "name": "Can change content type", "content_type": 4}, "model": "auth.permission", "pk": 11}, {"fields": {"codename": "delete_contenttype", "name": "Can delete content type", "content_type": 4}, "model": "auth.permission", "pk": 12}, {"fields": {"codename": "add_session", "name": "Can add session", "content_type": 5}, "model": "auth.permission", "pk": 13}, {"fields": {"codename": "change_session", "name": "Can change session", "content_type": 5}, "model": "auth.permission", "pk": 14}, {"fields": {"codename": "delete_session", "name": "Can delete session", "content_type": 5}, "model": "auth.permission", "pk": 15}, {"fields": {"codename": "add_employee", "name": "Can add employee", "content_type": 6}, "model": "auth.permission", "pk": 16}, {"fields": {"codename": "change_employee", "name": "Can change employee", "content_type": 6}, "model": "auth.permission", "pk": 17}, {"fields": {"codename": "delete_employee", "name": "Can delete employee", "content_type": 6}, "model": "auth.permission", "pk": 18}, {"fields": {"codename": "add_company", "name": "Can add company", "content_type": 7}, "model": "auth.permission", "pk": 19}, {"fields": {"codename": "change_company", "name": "Can change company", "content_type": 7}, "model": "auth.permission", "pk": 20}, {"fields": {"codename": "delete_company", "name": "Can delete company", "content_type": 7}, "model": "auth.permission", "pk": 21}, {"fields": {"codename": "add_location", "name": "Can add location", "content_type": 8}, "model": "auth.permission", "pk": 22}, {"fields": {"codename": "change_location", "name": "Can change location", "content_type": 8}, "model": "auth.permission", "pk": 23}, {"fields": {"codename": "delete_location", "name": "Can delete location", "content_type": 8}, "model": "auth.permission", "pk": 24}, {"fields": {"codename": "add_employment", "name": "Can add employment", "content_type": 9}, "model": "auth.permission", "pk": 25}, {"fields": {"codename": "change_employment", "name": "Can change employment", "content_type": 9}, "model": "auth.permission", "pk": 26}, {"fields": {"codename": "delete_employment", "name": "Can delete employment", "content_type": 9}, "model": "auth.permission", "pk": 27}, {"fields": {"codename": "add_activity", "name": "Can add activity", "content_type": 10}, "model": "auth.permission", "pk": 28}, {"fields": {"codename": "change_activity", "name": "Can change activity", "content_type": 10}, "model": "auth.permission", "pk": 29}, {"fields": {"codename": "delete_activity", "name": "Can delete activity", "content_type": 10}, "model": "auth.permission", "pk": 30}, {"fields": {"codename": "add_rosterentry", "name": "Can add roster_entry", "content_type": 11}, "model": "auth.permission", "pk": 31}, {"fields": {"codename": "change_rosterentry", "name": "Can change roster_entry", "content_type": 11}, "model": "auth.permission", "pk": 32}, {"fields": {"codename": "delete_rosterentry", "name": "Can delete roster_entry", "content_type": 11}, "model": "auth.permission", "pk": 33}, {"fields": {"codename": "add_user", "name": "Can add user", "content_type": 12}, "model": "auth.permission", "pk": 34}, {"fields": {"codename": "change_user", "name": "Can change user", "content_type": 12}, "model": "auth.permission", "pk": 35}, {"fields": {"codename": "delete_user", "name": "Can delete user", "content_type": 12}, "model": "auth.permission", "pk": 36}, {"fields": {"codename": "add_token", "name": "Can add token", "content_type": 13}, "model": "auth.permission", "pk": 37}, {"fields": {"codename": "change_token", "name": "Can change token", "content_type": 13}, "model": "auth.permission", "pk": 38}, {"fields": {"codename": "delete_token", "name": "Can delete token", "content_type": 13}, "model": "auth.permission", "pk": 39}, {"fields": {"codename": "add_corsmodel", "name": "Can add cors model", "content_type": 14}, "model": "auth.permission", "pk": 40}, {"fields": {"codename": "change_corsmodel", "name": "Can change cors model", "content_type": 14}, "model": "auth.permission", "pk": 41}, {"fields": {"codename": "delete_corsmodel", "name": "Can delete cors model", "content_type": 14}, "model": "auth.permission", "pk": 42}, {"fields": {"name": "S\u00e9amus \u00d3 Buadhach\u00e1in", "is_active": true, "is_superuser": true, "is_staff": true, "last_login": "2015-01-20T14:40:21.126Z", "groups": [], "user_permissions": [], "password": "pbkdf2_sha256$12000$mwVNuqmbpKWU$p7CrkkzqfAqBtPnGqSQk2zcRRCz9bUURN/1hbobN2nQ=", "email": "sdob@rosterra.com", "date_joined": "2015-01-20T14:40:21.126Z"}, "model": "custom_auth.user", "pk": 1}, {"fields": {"name": "Sean Branagh", "is_active": true, "is_superuser": false, "is_staff": false, "last_login": "2015-01-20T14:58:21.363Z", "groups": [], "user_permissions": [], "password": "pbkdf2_sha256$12000$qjblugmjMVd4$tRLiNKeP6W5YOyIX6zg9evYzurHs5EbaWnnrmPv4Y+0=", "email": "sean@rosterra.com", "date_joined": "2015-01-20T14:58:21.363Z"}, "model": "custom_auth.user", "pk": 2}, {"fields": {"name": "Al Apone", "is_active": true, "is_superuser": false, "is_staff": false, "last_login": "2015-01-20T15:03:58.293Z", "groups": [], "user_permissions": [], "password": "pbkdf2_sha256$12000$wKfO9dmogeSE$1Ybx2i5fzYvmQsxvtpks7SmJgtG9XUD6EQRqKsyGRiM=", "email": "apone@example.com", "date_joined": "2015-01-20T15:03:58.293Z"}, "model": "custom_auth.user", "pk": 3}, {"fields": {"name": "Lance Bishop", "is_active": true, "is_superuser": false, "is_staff": false, "last_login": "2015-01-20T15:03:58.438Z", "groups": [], "user_permissions": [], "password": "pbkdf2_sha256$12000$w9OAu95vkYHi$JJDHKSA6aOwPmBx6H3hL21jftHfwF0IW8jgFvPArjNk=", "email": "bishop@example.com", "date_joined": "2015-01-20T15:03:58.438Z"}, "model": "custom_auth.user", "pk": 4}, {"fields": {"name": "Cynthia Dietrich", "is_active": true, "is_superuser": false, "is_staff": false, "last_login": "2015-01-20T15:03:58.546Z", "groups": [], "user_permissions": [], "password": "pbkdf2_sha256$12000$ytSYNoY6pE3c$lHTeYLMGnZQ/O48w72DS42JrhG/9KN+IvCQ/nDIo10M=", "email": "dietrich@example.com", "date_joined": "2015-01-20T15:03:58.546Z"}, "model": "custom_auth.user", "pk": 5}, {"fields": {"name": "Colette Ferro", "is_active": true, "is_superuser": false, "is_staff": false, "last_login": "2015-01-20T15:03:58.697Z", "groups": [], "user_permissions": [], "password": "pbkdf2_sha256$12000$DAJUuY6gOD8y$SUaWMVXGeL+eIprc8dHaqfWZNIthDqgg/A6/OeOqJWc=", "email": "ferro@example.com", "date_joined": "2015-01-20T15:03:58.697Z"}, "model": "custom_auth.user", "pk": 6}, {"fields": {"name": "William Gorman", "is_active": true, "is_superuser": false, "is_staff": false, "last_login": "2015-01-20T15:03:58.796Z", "groups": [], "user_permissions": [], "password": "pbkdf2_sha256$12000$65lrU3gX4LED$sd8bdjqGWqgBlRSYnEC+32GMPoFCPb/MnIXoqO2R3Uo=", "email": "gorman@example.com", "date_joined": "2015-01-20T15:03:58.796Z"}, "model": "custom_auth.user", "pk": 7}, {"fields": {"name": "Dwayne Hicks", "is_active": true, "is_superuser": false, "is_staff": false, "last_login": "2015-01-20T15:03:58.888Z", "groups": [], "user_permissions": [], "password": "pbkdf2_sha256$12000$AxI614ULHY9w$fnGnYmt5Bl5ua1pZUYRiodSCTVBgnObq8vACyu9hx7w=", "email": "hicks@example.com", "date_joined": "2015-01-20T15:03:58.888Z"}, "model": "custom_auth.user", "pk": 8}, {"fields": {"name": "William Hudson", "is_active": true, "is_superuser": false, "is_staff": false, "last_login": "2015-01-20T15:03:58.988Z", "groups": [], "user_permissions": [], "password": "pbkdf2_sha256$12000$6jkWDNO0RcNk$okgARO+75a4RRMtV8NBN6mFMBatci098tBsMopkr8Hc=", "email": "hudson@example.com", "date_joined": "2015-01-20T15:03:58.988Z"}, "model": "custom_auth.user", "pk": 9}, {"fields": {"name": "Jenette Vasquez", "is_active": true, "is_superuser": false, "is_staff": false, "last_login": "2015-01-20T15:03:59.088Z", "groups": [], "user_permissions": [], "password": "pbkdf2_sha256$12000$wYGkMkvBDwDI$UpfXuBwJLEE0foSMiRNjCZlOKRiYxX5bbnf5NK3ROHU=", "email": "vasquez@example.com", "date_joined": "2015-01-20T15:03:59.088Z"}, "model": "custom_auth.user", "pk": 10}, {"fields": {"name": "Dimwit Flathead", "is_active": true, "is_superuser": false, "is_staff": false, "last_login": "2015-01-20T15:08:45.885Z", "groups": [], "user_permissions": [], "password": "pbkdf2_sha256$12000$AAmlTLa7y4VQ$8GXdS1ZcBqroLGDBEF7EYJ4XggSwnKI9UqB5PPhNGic=", "email": "dimwit@example.com", "date_joined": "2015-01-20T15:08:45.885Z"}, "model": "custom_auth.user", "pk": 11}, {"fields": {"name": "John D. Flathead", "is_active": true, "is_superuser": false, "is_staff": false, "last_login": "2015-01-20T15:08:46.318Z", "groups": [], "user_permissions": [], "password": "pbkdf2_sha256$12000$WZmIoaHRkkd3$bPpSKxUP/p1i4ABNdvK9wOKlrZnu80hZvk2Pj/NfyTc=", "email": "johnd@example.com", "date_joined": "2015-01-20T15:08:46.318Z"}, "model": "custom_auth.user", "pk": 12}, {"fields": {"name": "T. J. Flathead", "is_active": true, "is_superuser": false, "is_staff": false, "last_login": "2015-01-20T15:08:46.451Z", "groups": [], "user_permissions": [], "password": "pbkdf2_sha256$12000$p9pJKHmNOpu8$m//VxQ7jcAfczyJHlHKUbOZ9+OOZZbc2RO0bY3oqiJs=", "email": "stonewall@example.com", "date_joined": "2015-01-20T15:08:46.451Z"}, "model": "custom_auth.user", "pk": 13}, {"fields": {"name": "Johann Sebastian Flathead", "is_active": true, "is_superuser": false, "is_staff": false, "last_login": "2015-01-20T15:08:46.559Z", "groups": [], "user_permissions": [], "password": "pbkdf2_sha256$12000$KW9YLxiVfQZM$avu5dQHFKqGDW3JSQC4XorzuHBLBd5UatcBN3WqV0lg=", "email": "js@example.com", "date_joined": "2015-01-20T15:08:46.559Z"}, "model": "custom_auth.user", "pk": 14}, {"fields": {"name": "J. Pierpont Flathead", "is_active": true, "is_superuser": false, "is_staff": false, "last_login": "2015-01-20T15:08:46.668Z", "groups": [], "user_permissions": [], "password": "pbkdf2_sha256$12000$dF0TKnDEJ4y2$0Jolcx5hIGpCg8Om6OExZ9+ks0+GN1VHdJHQnatb3XQ=", "email": "pierpont@example.com", "date_joined": "2015-01-20T15:08:46.668Z"}, "model": "custom_auth.user", "pk": 15}, {"fields": {"name": "Lucrezia Flathead", "is_active": true, "is_superuser": false, "is_staff": false, "last_login": "2015-01-20T15:08:46.785Z", "groups": [], "user_permissions": [], "password": "pbkdf2_sha256$12000$UtyXwLAF7q13$wOihfphnTayeGUdzVS7U54UIhersXXBMpWMzBsrveAY=", "email": "lucrezia@example.com", "date_joined": "2015-01-20T15:08:46.785Z"}, "model": "custom_auth.user", "pk": 16}, {"fields": {"user": 11, "created": "2015-01-20T15:08:46.287Z"}, "model": "authtoken.token", "pk": "0bf4a67e1f595304462ec78a91f353e1e3946e3c"}, {"fields": {"user": 1, "created": "2015-01-20T14:40:21.314Z"}, "model": "authtoken.token", "pk": "2acac156be4f8642ce0fba215d13547955df515e"}, {"fields": {"user": 10, "created": "2015-01-20T15:03:59.172Z"}, "model": "authtoken.token", "pk": "409ec57652878f897878456a5d34fb0f811b96ab"}, {"fields": {"user": 12, "created": "2015-01-20T15:08:46.444Z"}, "model": "authtoken.token", "pk": "5557d73d3216b2fe14a612c3e41a80d6b5b6bbd6"}, {"fields": {"user": 2, "created": "2015-01-20T14:58:21.557Z"}, "model": "authtoken.token", "pk": "5bdbd3fe053daf86eedc6cc5bf3366ae9671baf4"}, {"fields": {"user": 16, "created": "2015-01-20T15:08:46.885Z"}, "model": "authtoken.token", "pk": "64c79c7ae60cc3cc41be3a27673593e8864ee820"}, {"fields": {"user": 9, "created": "2015-01-20T15:03:59.081Z"}, "model": "authtoken.token", "pk": "91ef089448d6c2bf6890e5bacadf934f12583367"}, {"fields": {"user": 3, "created": "2015-01-20T15:03:58.430Z"}, "model": "authtoken.token", "pk": "994deecfd9edeb476163f9bd50f26c24e4f5d37d"}, {"fields": {"user": 6, "created": "2015-01-20T15:03:58.788Z"}, "model": "authtoken.token", "pk": "ae149cc5307e2be2e9038c2550c1918223dbf29b"}, {"fields": {"user": 7, "created": "2015-01-20T15:03:58.881Z"}, "model": "authtoken.token", "pk": "b1a7db7da456b1f609b6263fdda80e071101a246"}, {"fields": {"user": 13, "created": "2015-01-20T15:08:46.551Z"}, "model": "authtoken.token", "pk": "b1ac4549627f81c63b9e9d815f843b5d22849d0a"}, {"fields": {"user": 15, "created": "2015-01-20T15:08:46.777Z"}, "model": "authtoken.token", "pk": "b391f734c7c68d10e13bafc84f177349b0002403"}, {"fields": {"user": 4, "created": "2015-01-20T15:03:58.538Z"}, "model": "authtoken.token", "pk": "bddaeca53cdb2a35cd81f7056ca8b6b2e110275c"}, {"fields": {"user": 14, "created": "2015-01-20T15:08:46.660Z"}, "model": "authtoken.token", "pk": "d0a521e18b32ad95c206d78f37bfe81fee7dd195"}, {"fields": {"user": 8, "created": "2015-01-20T15:03:58.980Z"}, "model": "authtoken.token", "pk": "eef166b554ff96b828a7f75e3e359be98b2f4a16"}, {"fields": {"user": 5, "created": "2015-01-20T15:03:58.689Z"}, "model": "authtoken.token", "pk": "f7d7cd5b4106f7f0d52952780621ca6030f8f839"}, {"fields": {"user": 1}, "model": "main.employee", "pk": 1}, {"fields": {"user": 2}, "model": "main.employee", "pk": 2}, {"fields": {"user": 3}, "model": "main.employee", "pk": 3}, {"fields": {"user": 4}, "model": "main.employee", "pk": 4}, {"fields": {"user": 5}, "model": "main.employee", "pk": 5}, {"fields": {"user": 6}, "model": "main.employee", "pk": 6}, {"fields": {"user": 7}, "model": "main.employee", "pk": 7}, {"fields": {"user": 8}, "model": "main.employee", "pk": 8}, {"fields": {"user": 9}, "model": "main.employee", "pk": 9}, {"fields": {"user": 10}, "model": "main.employee", "pk": 10}, {"fields": {"user": 11}, "model": "main.employee", "pk": 11}, {"fields": {"user": 12}, "model": "main.employee", "pk": 12}, {"fields": {"user": 13}, "model": "main.employee", "pk": 13}, {"fields": {"user": 14}, "model": "main.employee", "pk": 14}, {"fields": {"user": 15}, "model": "main.employee", "pk": 15}, {"fields": {"user": 16}, "model": "main.employee", "pk": 16}]