[
{
    "fields": {
        "name": "Rosterra"
    },
    "model": "main.company",
    "pk": 1
},
{
    "fields": {
        "name": "Weyland-Yutani"
    },
    "model": "main.company",
    "pk": 2
},
{
    "fields": {
        "name": "LexCorp"
    },
    "model": "main.company",
    "pk": 3
},
{
    "fields": {
        "name": "FrobozzCo"
    },
    "model": "main.company",
    "pk": 4
},
{
    "fields": {
        "company": 1,
        "name": "Cork"
    },
    "model": "main.location",
    "pk": 1
},
{
    "fields": {
        "company": 1,
        "name": "Limerick"
    },
    "model": "main.location",
    "pk": 2
},
{
    "fields": {
        "company": 1,
        "name": "Honolulu"
    },
    "model": "main.location",
    "pk": 3
},
{
    "fields": {
        "company": 1,
        "name": "Minsk"
    },
    "model": "main.location",
    "pk": 4
},
{
    "fields": {
        "company": 2,
        "name": "Alderaan"
    },
    "model": "main.location",
    "pk": 5
},
{
    "fields": {
        "company": 2,
        "name": "Bespin"
    },
    "model": "main.location",
    "pk": 6
},
{
    "fields": {
        "company": 2,
        "name": "Coruscant"
    },
    "model": "main.location",
    "pk": 7
},
{
    "fields": {
        "company": 2,
        "name": "Dagobah"
    },
    "model": "main.location",
    "pk": 8
},
{
    "fields": {
        "company": 2,
        "name": "Hoth"
    },
    "model": "main.location",
    "pk": 9
},
{
    "fields": {
        "company": 2,
        "name": "Kashyyyk"
    },
    "model": "main.location",
    "pk": 10
},
{
    "fields": {
        "company": 4,
        "name": "Anthar"
    },
    "model": "main.location",
    "pk": 11
},
{
    "fields": {
        "company": 4,
        "name": "Borphee"
    },
    "model": "main.location",
    "pk": 12
},
{
    "fields": {
        "company": 4,
        "name": "Mareilon"
    },
    "model": "main.location",
    "pk": 13
},
{
    "fields": {
        "company": 4,
        "name": "Mizniaport"
    },
    "model": "main.location",
    "pk": 14
},
{
    "fields": {
        "company": 4,
        "name": "Port Foozle"
    },
    "model": "main.location",
    "pk": 15
},
{
    "fields": {
        "accepted_by_company": true,
        "company": 2,
        "is_manager": false,
        "accepted_by_employee": false,
        "employee": 3,
        "date_added": "2015-01-20T15:22:01.194Z"
    },
    "model": "main.employment",
    "pk": 1
},
{
    "fields": {
        "accepted_by_company": true,
        "company": 2,
        "is_manager": false,
        "accepted_by_employee": false,
        "employee": 4,
        "date_added": "2015-01-20T15:25:14.677Z"
    },
    "model": "main.employment",
    "pk": 2
},
{
    "fields": {
        "accepted_by_company": true,
        "company": 2,
        "is_manager": false,
        "accepted_by_employee": false,
        "employee": 5,
        "date_added": "2015-01-20T15:25:14.754Z"
    },
    "model": "main.employment",
    "pk": 3
},
{
    "fields": {
        "accepted_by_company": true,
        "company": 2,
        "is_manager": false,
        "accepted_by_employee": false,
        "employee": 6,
        "date_added": "2015-01-20T15:25:14.854Z"
    },
    "model": "main.employment",
    "pk": 4
},
{
    "fields": {
        "accepted_by_company": true,
        "company": 2,
        "is_manager": true,
        "accepted_by_employee": true,
        "employee": 7,
        "date_added": "2015-01-20T15:25:14.881Z"
    },
    "model": "main.employment",
    "pk": 5
},
{
    "fields": {
        "accepted_by_company": true,
        "company": 2,
        "is_manager": false,
        "accepted_by_employee": false,
        "employee": 8,
        "date_added": "2015-01-20T15:25:14.906Z"
    },
    "model": "main.employment",
    "pk": 6
},
{
    "fields": {
        "accepted_by_company": true,
        "company": 2,
        "is_manager": false,
        "accepted_by_employee": false,
        "employee": 9,
        "date_added": "2015-01-20T15:25:14.929Z"
    },
    "model": "main.employment",
    "pk": 7
},
{
    "fields": {
        "accepted_by_company": true,
        "company": 2,
        "is_manager": false,
        "accepted_by_employee": false,
        "employee": 10,
        "date_added": "2015-01-20T15:25:14.947Z"
    },
    "model": "main.employment",
    "pk": 8
},
{
    "fields": {
        "accepted_by_company": true,
        "company": 4,
        "is_manager": false,
        "accepted_by_employee": false,
        "employee": 11,
        "date_added": "2015-01-20T15:46:13.833Z"
    },
    "model": "main.employment",
    "pk": 9
},
{
    "fields": {
        "accepted_by_company": true,
        "company": 4,
        "is_manager": false,
        "accepted_by_employee": false,
        "employee": 12,
        "date_added": "2015-01-20T15:46:14.186Z"
    },
    "model": "main.employment",
    "pk": 10
},
{
    "fields": {
        "accepted_by_company": true,
        "company": 4,
        "is_manager": false,
        "accepted_by_employee": false,
        "employee": 13,
        "date_added": "2015-01-20T15:46:14.202Z"
    },
    "model": "main.employment",
    "pk": 11
},
{
    "fields": {
        "accepted_by_company": true,
        "company": 4,
        "is_manager": false,
        "accepted_by_employee": false,
        "employee": 14,
        "date_added": "2015-01-20T15:46:14.218Z"
    },
    "model": "main.employment",
    "pk": 12
},
{
    "fields": {
        "accepted_by_company": true,
        "company": 4,
        "is_manager": false,
        "accepted_by_employee": false,
        "employee": 15,
        "date_added": "2015-01-20T15:46:14.236Z"
    },
    "model": "main.employment",
    "pk": 13
},
{
    "fields": {
        "accepted_by_company": true,
        "company": 4,
        "is_manager": false,
        "accepted_by_employee": false,
        "employee": 16,
        "date_added": "2015-01-20T15:46:14.253Z"
    },
    "model": "main.employment",
    "pk": 14
},
{
    "fields": {
        "accepted_by_company": true,
        "company": 4,
        "is_manager": false,
        "accepted_by_employee": false,
        "employee": 7,
        "date_added": "2015-01-20T15:46:14.253Z"
    },
    "model": "main.employment",
    "pk": 15
},
{
    "fields": {
        "name": "S\u00e9amus \u00d3 Buadhach\u00e1in",
        "is_active": true,
        "is_superuser": true,
        "is_staff": true,
        "last_login": "2015-01-20T14:40:21.126Z",
        "groups": [],
        "user_permissions": [],
        "password": "pbkdf2_sha256$12000$mwVNuqmbpKWU$p7CrkkzqfAqBtPnGqSQk2zcRRCz9bUURN/1hbobN2nQ=",
        "email": "sdob@rosterra.com",
        "date_joined": "2015-01-20T14:40:21.126Z"
    },
    "model": "custom_auth.user",
    "pk": 1
},
{
    "fields": {
        "name": "Sean Branagh",
        "is_active": true,
        "is_superuser": false,
        "is_staff": false,
        "last_login": "2015-01-20T14:58:21.363Z",
        "groups": [],
        "user_permissions": [],
        "password": "pbkdf2_sha256$12000$qjblugmjMVd4$tRLiNKeP6W5YOyIX6zg9evYzurHs5EbaWnnrmPv4Y+0=",
        "email": "sean@rosterra.com",
        "date_joined": "2015-01-20T14:58:21.363Z"
    },
    "model": "custom_auth.user",
    "pk": 2
},
{
    "fields": {
        "name": "Al Apone",
        "is_active": true,
        "is_superuser": false,
        "is_staff": false,
        "last_login": "2015-01-20T15:03:58.293Z",
        "groups": [],
        "user_permissions": [],
        "password": "pbkdf2_sha256$12000$wKfO9dmogeSE$1Ybx2i5fzYvmQsxvtpks7SmJgtG9XUD6EQRqKsyGRiM=",
        "email": "apone@example.com",
        "date_joined": "2015-01-20T15:03:58.293Z"
    },
    "model": "custom_auth.user",
    "pk": 3
},
{
    "fields": {
        "name": "Lance Bishop",
        "is_active": true,
        "is_superuser": false,
        "is_staff": false,
        "last_login": "2015-01-20T15:03:58.438Z",
        "groups": [],
        "user_permissions": [],
        "password": "pbkdf2_sha256$12000$w9OAu95vkYHi$JJDHKSA6aOwPmBx6H3hL21jftHfwF0IW8jgFvPArjNk=",
        "email": "bishop@example.com",
        "date_joined": "2015-01-20T15:03:58.438Z"
    },
    "model": "custom_auth.user",
    "pk": 4
},
{
    "fields": {
        "name": "Cynthia Dietrich",
        "is_active": true,
        "is_superuser": false,
        "is_staff": false,
        "last_login": "2015-01-20T15:03:58.546Z",
        "groups": [],
        "user_permissions": [],
        "password": "pbkdf2_sha256$12000$ytSYNoY6pE3c$lHTeYLMGnZQ/O48w72DS42JrhG/9KN+IvCQ/nDIo10M=",
        "email": "dietrich@example.com",
        "date_joined": "2015-01-20T15:03:58.546Z"
    },
    "model": "custom_auth.user",
    "pk": 5
},
{
    "fields": {
        "name": "Colette Ferro",
        "is_active": true,
        "is_superuser": false,
        "is_staff": false,
        "last_login": "2015-01-20T15:03:58.697Z",
        "groups": [],
        "user_permissions": [],
        "password": "pbkdf2_sha256$12000$DAJUuY6gOD8y$SUaWMVXGeL+eIprc8dHaqfWZNIthDqgg/A6/OeOqJWc=",
        "email": "ferro@example.com",
        "date_joined": "2015-01-20T15:03:58.697Z"
    },
    "model": "custom_auth.user",
    "pk": 6
},
{
    "fields": {
        "name": "William Gorman",
        "is_active": true,
        "is_superuser": false,
        "is_staff": false,
        "last_login": "2015-01-20T15:03:58.796Z",
        "groups": [],
        "user_permissions": [],
        "password": "pbkdf2_sha256$12000$65lrU3gX4LED$sd8bdjqGWqgBlRSYnEC+32GMPoFCPb/MnIXoqO2R3Uo=",
        "email": "gorman@example.com",
        "date_joined": "2015-01-20T15:03:58.796Z"
    },
    "model": "custom_auth.user",
    "pk": 7
},
{
    "fields": {
        "name": "Dwayne Hicks",
        "is_active": true,
        "is_superuser": false,
        "is_staff": false,
        "last_login": "2015-01-20T15:03:58.888Z",
        "groups": [],
        "user_permissions": [],
        "password": "pbkdf2_sha256$12000$AxI614ULHY9w$fnGnYmt5Bl5ua1pZUYRiodSCTVBgnObq8vACyu9hx7w=",
        "email": "hicks@example.com",
        "date_joined": "2015-01-20T15:03:58.888Z"
    },
    "model": "custom_auth.user",
    "pk": 8
},
{
    "fields": {
        "name": "William Hudson",
        "is_active": true,
        "is_superuser": false,
        "is_staff": false,
        "last_login": "2015-01-20T15:03:58.988Z",
        "groups": [],
        "user_permissions": [],
        "password": "pbkdf2_sha256$12000$6jkWDNO0RcNk$okgARO+75a4RRMtV8NBN6mFMBatci098tBsMopkr8Hc=",
        "email": "hudson@example.com",
        "date_joined": "2015-01-20T15:03:58.988Z"
    },
    "model": "custom_auth.user",
    "pk": 9
},
{
    "fields": {
        "name": "Jenette Vasquez",
        "is_active": true,
        "is_superuser": false,
        "is_staff": false,
        "last_login": "2015-01-20T15:03:59.088Z",
        "groups": [],
        "user_permissions": [],
        "password": "pbkdf2_sha256$12000$wYGkMkvBDwDI$UpfXuBwJLEE0foSMiRNjCZlOKRiYxX5bbnf5NK3ROHU=",
        "email": "vasquez@example.com",
        "date_joined": "2015-01-20T15:03:59.088Z"
    },
    "model": "custom_auth.user",
    "pk": 10
},
{
    "fields": {
        "name": "Dimwit Flathead",
        "is_active": true,
        "is_superuser": false,
        "is_staff": false,
        "last_login": "2015-01-20T15:08:45.885Z",
        "groups": [],
        "user_permissions": [],
        "password": "pbkdf2_sha256$12000$AAmlTLa7y4VQ$8GXdS1ZcBqroLGDBEF7EYJ4XggSwnKI9UqB5PPhNGic=",
        "email": "dimwit@example.com",
        "date_joined": "2015-01-20T15:08:45.885Z"
    },
    "model": "custom_auth.user",
    "pk": 11
},
{
    "fields": {
        "name": "John D. Flathead",
        "is_active": true,
        "is_superuser": false,
        "is_staff": false,
        "last_login": "2015-01-20T15:08:46.318Z",
        "groups": [],
        "user_permissions": [],
        "password": "pbkdf2_sha256$12000$WZmIoaHRkkd3$bPpSKxUP/p1i4ABNdvK9wOKlrZnu80hZvk2Pj/NfyTc=",
        "email": "johnd@example.com",
        "date_joined": "2015-01-20T15:08:46.318Z"
    },
    "model": "custom_auth.user",
    "pk": 12
},
{
    "fields": {
        "name": "T. J. Flathead",
        "is_active": true,
        "is_superuser": false,
        "is_staff": false,
        "last_login": "2015-01-20T15:08:46.451Z",
        "groups": [],
        "user_permissions": [],
        "password": "pbkdf2_sha256$12000$p9pJKHmNOpu8$m//VxQ7jcAfczyJHlHKUbOZ9+OOZZbc2RO0bY3oqiJs=",
        "email": "stonewall@example.com",
        "date_joined": "2015-01-20T15:08:46.451Z"
    },
    "model": "custom_auth.user",
    "pk": 13
},
{
    "fields": {
        "name": "Johann Sebastian Flathead",
        "is_active": true,
        "is_superuser": false,
        "is_staff": false,
        "last_login": "2015-01-20T15:08:46.559Z",
        "groups": [],
        "user_permissions": [],
        "password": "pbkdf2_sha256$12000$KW9YLxiVfQZM$avu5dQHFKqGDW3JSQC4XorzuHBLBd5UatcBN3WqV0lg=",
        "email": "js@example.com",
        "date_joined": "2015-01-20T15:08:46.559Z"
    },
    "model": "custom_auth.user",
    "pk": 14
},
{
    "fields": {
        "name": "J. Pierpont Flathead",
        "is_active": true,
        "is_superuser": false,
        "is_staff": false,
        "last_login": "2015-01-20T15:08:46.668Z",
        "groups": [],
        "user_permissions": [],
        "password": "pbkdf2_sha256$12000$dF0TKnDEJ4y2$0Jolcx5hIGpCg8Om6OExZ9+ks0+GN1VHdJHQnatb3XQ=",
        "email": "pierpont@example.com",
        "date_joined": "2015-01-20T15:08:46.668Z"
    },
    "model": "custom_auth.user",
    "pk": 15
},
{
    "fields": {
        "name": "Lucrezia Flathead",
        "is_active": true,
        "is_superuser": false,
        "is_staff": false,
        "last_login": "2015-01-20T15:08:46.785Z",
        "groups": [],
        "user_permissions": [],
        "password": "pbkdf2_sha256$12000$UtyXwLAF7q13$wOihfphnTayeGUdzVS7U54UIhersXXBMpWMzBsrveAY=",
        "email": "lucrezia@example.com",
        "date_joined": "2015-01-20T15:08:46.785Z"
    },
    "model": "custom_auth.user",
    "pk": 16
},
{
    "fields": {
        "user": 1
    },
    "model": "main.employee",
    "pk": 1
},
{
    "fields": {
        "user": 2
    },
    "model": "main.employee",
    "pk": 2
},
{
    "fields": {
        "user": 3
    },
    "model": "main.employee",
    "pk": 3
},
{
    "fields": {
        "user": 4
    },
    "model": "main.employee",
    "pk": 4
},
{
    "fields": {
        "user": 5
    },
    "model": "main.employee",
    "pk": 5
},
{
    "fields": {
        "user": 6
    },
    "model": "main.employee",
    "pk": 6
},
{
    "fields": {
        "user": 7
    },
    "model": "main.employee",
    "pk": 7
},
{
    "fields": {
        "user": 8
    },
    "model": "main.employee",
    "pk": 8
},
{
    "fields": {
        "user": 9
    },
    "model": "main.employee",
    "pk": 9
},
{
    "fields": {
        "user": 10
    },
    "model": "main.employee",
    "pk": 10
},
{
    "fields": {
        "user": 11
    },
    "model": "main.employee",
    "pk": 11
},
{
    "fields": {
        "user": 12
    },
    "model": "main.employee",
    "pk": 12
},
{
    "fields": {
        "user": 13
    },
    "model": "main.employee",
    "pk": 13
},
{
    "fields": {
        "user": 14
    },
    "model": "main.employee",
    "pk": 14
},
{
    "fields": {
        "user": 15
    },
    "model": "main.employee",
    "pk": 15
},
{
    "fields": {
        "user": 16
    },
    "model": "main.employee",
    "pk": 16
}
]
